run, time(ms), voltage(mV), energy(uJ), energy(uWh), charge(uC), charge(uAh)
0, 5318.680000, 1863.115311, 30680.922852, 8.522479, 11415.247803, 3.170902
