run, time(ms), voltage(mV), energy(uJ), energy(uWh), charge(uC), charge(uAh)
0, 244.230000, 2887.616396, 13209.279785, 3.669244, 4716.812134, 1.310226
